gh_id,Num_Starred,Pinned_Repo
0-vortex,4.6k,dotfiles
215eight,24,VelovedSwift
375,0,Modernizr
abnn,0,No Pinned Repositories
adambair,224,fu-fu
adampatterson,1.1k,Axe
AdiChat,33,master-c-programming
Adrlc,0,No Pinned Repositories
ahmetabdi,4.1k,themoviedb
ajsb85,5k+,vane.ai
akashaku,1,XAA
albertogg,747,flask-bootstrap-skel
ales9000,10,mappaCultura
alexeykudinkin,69,axolotl.js
alexindigo,404,ndash
AlexxNica,5k+,cargo
alfredwesterveld,2.9k,freakinping
allangrant,72,nginx-rails-template
almartin82,541,njschooldata
amijkko,10,rusty-blockparser
anandkunal,317,ToroPHP
andresdouglas,336,django-tastypie-nonrel
andresmasegosa,70,toolbox
andresurepno,0,No Pinned Repositories
andy-williams,521,Magick.NET.WebImageExtensions
angusshire,5k+,greenhat
Aommer,5k+,No Pinned Repositories
aparo,354,pyes
aprock,15,react-native-tcp
aral,303,nodekit
archan937,42,templayed.js
arfrank,170,Fake-Twilio-Api
arjan,132,decorator
artemii235,39,etomic-swap
ask,833,faust
Asmae-salhi,0,one
asoltys,406,coinos-server
atmos,873,round and round
audy,5k,sars-cov-2
aviraldg,635,element-web
ayeminag,31,go-myanmartools
b3bakyt,7,immunitet
baron,643,devdocs
batermj,5k+,data_sciences_campaign
batsuuri,0,MDMA
bbigras,3.4k,nix-config
bbss,137,cljsc2
bcambel,1.3k,oss.io
bcurren,135,freshbooks.rb
beenhero,284,omniauth-weibo-oauth2
benwbrum,67,fromthepage
beppu,977,jquery-ev
betacar,170,moleculer
bishopZ,303,next11-plus
Bitonics,2,Bitonics
bkerley,168,zshkit
blanu,510,Dust
bluet,1.3k,proxybroker2
bobpoekert,788,quadtree
botsbrain,4,yolox
brajadorable,62,rails
brendanlim,365,mobile-fu
brentmc79,38,canonical-url
brianleroux,411,architect
brianmario,792,mysql2
broat,13,hello-world
broccolini,390,swiss
buffer8848,715,emscripten
bulters,32,rack-gridfs
bumi,1.6k,lnme
Bunlong,3.2k,reactpatterns
caingougou,1.8k,phpfirefly
canvaspixels,58,courgette
cashplk,390,double-entry-generator
catull,465,calendariale
cburgdorf,299,grunt-html-snapshot
Chelo,7,Parser-XML-to-ER-Model
chrisobdam,8,ots
clarkbw,665,jest-localstorage-mock
cmavromoustakos,187,indie-ninja-aws
cnd,187,No Pinned Repositories
codeodor,55,minitest-stub_any_instance
codingscode,854,curso_node
collin,395,jabs
coty,1.1k,kafka
crazycode,260,cap-recipes
cselmer,2,delegate_cached
csjaba,21,dot-files
curv3ball,3,Vocalcord
cusspvz,1.6k,node.docker
dadaphl,968,oneDollar-supercollider
dalinnen,63,bitwig-extensions
danielirimia,143,machine-learning-for-software-engineers
danstorms,8,D2NEWYORK
darwin,2.8k,cljs-devtools
dary,0,escodegen-jsx
davidkuchar,38,django-media-bundler
davidrobles,226,myelin
ddjjj,0,No Pinned Repositories
dehine,20,kamailio_sip_proxy
dehora,89,nakadi-java
dejanr,1.6k,dotfiles
deltam,232,neuro
dennispi,4,SDWebImage
dgonzalez,118,levenshtein-map
diclophis,1.3k,wkndr
Dlhw,0,OT-system
doitian,641,unity-git-hooks
DoktahWorm,32,pomodo_on_rails
domenicosolazzo,3.5k,awesome-okr
dplewis,782,parse-server
dryajov,261,nim-libp2p
elango,1.4k,PhotoViewer
endymion,82,link-checker
eoin,289,gstraopsink
erdos,260,uclj
EricAtMSFT,18,Appsample-Photosharing
EricPKerr,372,react-native-emoji
erinata,19,FingerText
erravimishracse,1.2k,freeCodeCamp
esin,304,intheshell
esneider,335,YUNOcommit.vim
esneko,5k+,kuro
esnot,1,zabbix
eugeneware,3.9k,ffmpeg-static
EvanMisshula,15,rr
evinw,950,Compression_Inspection
exgalaxy,1,AR-Online
fabianhjr,571,Monorepo
fling,118,pinchzoom.github.io
flipsasser,7,addressabler
fly51fly,5k+,aicoco
fmu,11,nixpkgs
fredrik,671,zohmg
freewil,1.1k,scmp
Frenchcooc,135,nango
frozzare,5k+,js
fsquillace,159,junest
fundon,3k,ES6-QuickStart-and-Tips
GabiThume,210,msc-src
gaocegege,4.8k,pgvecto.rs
Gared,12,database-structure-diff
garrisonreid,1,CHHS-Mini-Projects
gcollazo,1.9k,Fabulous
gijzelaerr,97,python-snap7
gisikw,70,ksprogramming
glhewett,97,markdown-documentation
gongfuPanada,74,node-dynamicscrm-api
grantmichaels,364,docker-tor-static-files
grdw,82,seri
gregzuro,1.6k,OrientDB: CakePHP ACL example from h...
grunch,108,mostro
h4ck3rm1k3,3.3k,cardano-sl
haileypate,20,open-data-progress-report
Hamz-a,700,jeb4frida
hanesg,0,fotorama
haobuxia,30,DatacenterNew
hehead,1,ripple
henrygarner,109,redux
hieple7985,1.8k,near-318
hlb,418,CompassApp
hnchuong,215,theme_support
hozaka,51,progit
huacnlee,1.1k,autocorrect
Hungsta,27,heatmap.js
iamgilwell,21,Iuris-Soft
iamhabitat,4,test
iExk,0,No Pinned Repositories
ijagjeet,88,virtual-piano
ilmalte,27,developer-fortune-cookies
inav,46,panorama-to-cubemap
iNDicat0r,265,ethereumbook
InduprasadSR,15,Blockchain-python
innomarkglobal,2,No Pinned Repositories
iorch,63,AmiGo
isakib,206,Resource
ivanoats,2.9k,i-am-here
j15e,238,communauto
j9h1,0,No Pinned Repositories
jacques,503,php-freepaid
JaiiRashad34,25,Wikiiii
jameskyokushin,54,ASI-project
janfilips,30,blockchain-documentation-project
JaniAnttonen,1.6k,proof_of_latency
janx,33,ckb
jaredhanson,483,passport
javadabadoo,17,CodingDojo
jb55,3.6k,cmdtree
jenda,0,Hello-World
jescriba,85,CodePath-iOS
jevon,90,tier
jhaynie,4.2k,titanium-sdk
jhonsu01,781,ACTA-CONSTITUCION-BLOCKCHAIN-TRANSPARENCIA-MUNDIAL
jiaofeng,18,IEMode
jjuarez,4.1k,iks-ctx-cleaner
jkakar,131,emacs-configuration
jkatzer,1.6k,RESTMagic
jlisbz,60,awesome-cheatsheets
jm,131,rails-templates
jniamehr,7,No Pinned Repositories
joachifm,346,lkl-pseudofs
johnantoni,962,swift
johnbey,1,Python-
johndpope,5k+,SwiftTorch
jonathannelson,83,octopress
jonathanrico,41,forcedotcom-builder
jonbaer,5k+,googlecolab
jondkinney,307,docusign_rest
josemontesdeoca,238,android-simple-twitter-app
jpf,133,domain-profiler
jpzk,1.6k,mockedstreams
JSansalone,29,GZMigration
jserv,40,sse2neon
jsonmaur,92,phoenix-pages
JurandyBitConnect,0,JavaCareers
JustinShenk,60,delve
kaichen,5k+,vim-snipmate-ruby-snippets
Kakise,92,az-openai-rs
kalamaznik,31,Kingfisher
kantmakm,53,angular-base
kanzure,717,webcash
KaterinaToy,0,No Pinned Repositories
kenneth,1.2k,tdxdoc
KevinHock,803,detect-secrets
kialam,2,cycling-reviews
kij,52,struts-pwn_CVE-2017-9805
kinimodmeyer,30,tradebyte-sdk-php
kinkin10,0,kazukinjo.github.io
kirillsalykin,197,attempt
kjaylee,881,ios-ipfs-api
krodyx,3.1k,awesome-writeups
ksetrin,84,ksetrin.com
kumavis,926,metamask-extension
ky-bot,10,helloworld
laconc,38,home-cluster
latrokles,5k+,dotfiles
laurenrenaud,20,surjR
lazzarello,2k,fm7
leereilly,1.2k,github-high-scores
lgn21st,374,carbonvote
lgs,5k+,mongoid_taggable_with_context
Linux-Player,1,Facebook_Spam_Bot
Lisprez,5k+,so_stupid_search
liveink,1.1k,currency.io
lostinpatterns,365,ruby-oauth-example
lrettig,1.3k,react-native-stripe
lumberjackchef,28,space-cat
m-ezekiel,31,twitterProfileAnalysis
m1kal,2,charbel
maca,822,crdt-text-editor
macressler,3.6k,2016-budget-data
MafujShikder,25,BlueHeavenRestaurant
maggit,25,No Pinned Repositories
markkorput,71,sublime-script
marko-jankovic,2.1k,Rhema
mashiox,576,dotfiles
massie,22,readmission-study
matteobertozzi,33,Hadoop
MattMcFarland,845,pico-lambda
mattorb,326,dotfiles
mattsgarrison,549,vagrant-docker-rails
mattvick,148,Ethereum address for use on the Rink...
MaxValue,993,ansible-role-borgbackup_outline
mbautin,141,yugabyte-db
mbleigh,156,acts-as-taggable-on
mehdimays,78,sfThemeGeneratorPlugin
membogg,252,oebfare
mengcoin,13,mengcoin.github.io
miamiartexchange,14,maex_rails
miamiruby,135,serverless-go-dynamodb-lambda-microservice
michaelkoper,122,heroku_backups_import
MichalPaszkiewicz,572,cqrs-react-router
michielbdejong,85,fxa-self-hosting
miguelJulio,0,mipust
miguelmota,5k+,golang-for-nodejs-developers
mikegwhit,17,htmlparser
mikeyb,90,discordjs-template
minglecm,31,doc_to_dash
minsle,0,github-serendipity.github.io
MintThitiratChamnan,35,opensource.guide
mlynch,858,nextjs-tailwind-ionic-capacitor-starter
mogox,303,ruby-hl7
mohitmun,1.5k,spu.vim
mokeefe,132,erma
mortdeus,367,legacy-cc
mountain,477,numberx
mrflip,784,wukong
mrklaw,11,exercism
msakazo,0,msakazo
mschmulen,67,donorschoose-app
mstraughan86,659,Scry
naharris212,0,No Pinned Repositories
nathan-gs,65,nixpkgs
Neustradamus,7,ejabberd
newhoggy,22,hashids-scala
Niffas,0,first-lab-ruby-learn-cli-nitrous-q-000
NTtam,0,baitaptuan3
nwoods2019,0,No Pinned Repositories
NXKC,0,No Pinned Repositories
obfuscat3d,0,AdventOfCode
oggata,160,FacialRecognition
opengineer,39,intelligo
orlin,3.2k,statica
otzm,0,No Pinned Repositories
pablete,115,conferenciarails2010
pbach,0,XmlStreamParser
pechorin,562,any-jump.vim
pennyone00,0,No Pinned Repositories
peteonrails,70,vote_fu
peterp,422,redwood
peterpunk,547,bs-1
piclez,547,No Pinned Repositories
pkrasam,439,bitcoin
plumenator,2.2k,ben-or-randomized-consensus
pmq20,720,node
poguez,651,class_orchestration_api
Poincare,124,sixthsense
pomazanbohdan,412,x2crm-module
poshboytl,299,ckb
priornix,299,No Pinned Repositories
pshc,152,archipelago
pxpgraphics,765,Badger
quinn,558,mongoid
r-zig,3,p2psynchronization
rain1024,616,underthesea
rajanand,1.2k,datasets
rajeshvv,57,jquery
rasata,2.6k,Iphone-Powered
raudelenrique,6,templates
RaymondCrandall,3.4k,mysql-php-data-entry-skeleton
rayvinly,13,active_merchant
rbeene,56,chain-react-2017
rchk,5k+,typepad-motion
rcullito,318,searchbing
ret,1.9k,specifica
rfilipo,73,wp-stack
RichAyotte,425,baktz
rjst,7,view_specify
rmatei,48,kissmetrics
robbinhan,4k,bob-anki
robbyrob42,195,blog
RobinWu,305,number_to_capital_zh
RobLoach,989,libretro-chailove
rodrigooler,4.2k,react
rohithadassanayake,4.6k,18f.gsa.gov
romanz,1.6k,electrs
ronenhamias,478,scalecube-services
roy,99,dotfiles
Ryanfahiramaulana,0,No Pinned Repositories
ryanking,413,fogg
ryantm,160,agenix
saberma,503,shopqi
sajoku,612,sajoku.github.io
samueldr,293,mobile-nixos
sco,1k,fakebook
seabre,210,simplify-geometry
seanahrens,59,opn
sehsin,0,PawnShop
shanesveller,2.2k,nix-beam-flakes
shanx,122,python-dotfiles
shmangles,3,flyermill-com
shmuel7e,8,TaskIt
shovon,3.7k,Increasing swap size. Only tested on...
shpytalenko,4,Pelesend
sidorares,2.1k,node-mysql2
Siim,573,ftp
silentrob,178,Apricot
singerdmx,4,flutter-quill
sishen,105,LoadMoreTableFooterView
skyfallsin,129,ruby_bosh
Sleepyhead-google,252,videos
slpsys,86,aleph
so,368,No Pinned Repositories
soldat13,8,ccHS
sonmio,1,sonmproject
sorrycc,5k+,umi
SourceBoy,0,WHATWG ReadableStream <-> Node strea...
ssleptsov,193,ninja-keys
ssoper,432,summarize
standino,1.1k,org-page
steffanjensen,288,instabotai
stigtsp,1.1k,nixpkgs
stinie,540,campaignmonitor-php
stonegao,5k+,active-direct
STRd6,303,Civet
STUNT101,11,No Pinned Repositories
sudachen,257,MyCryptoLab
suenot,3k,profitmaker
SummerCHINA,0,jquery
suneil,381,consolidate.js
superisaac,45,jlib
suriyaa,5k+,animate-a-name
taoeffect,1.9k,group-income
tchnorider,357,algoritmosII-P2
teehemkay,2.2k,eslint-config-xo-inferno
terlar,3.9k,nix-config
thadd,63,axml2xml.rb
thekvn,130,ruby-usdt
thezedwards,136,Listing of a number of useful Google...
thiagozs,2.2k,go-cache
thomd,348,stylegan2-toonification
throughnothing,1.4k,vimchat
ticean,1.8k,reaction
timothyklim,5k+,fcomb
tle,2,BillNun
tmm1,1.7k,stackprof
tomlion,156,vim-solidity
tosh,1.9k,jam
toxtli,615,hum2song
travisbrady,1.4k,word2phrase
trietptm,5k+,OllyDbg-Archive
TvCs,5,backend_test_homework
twopack,0,controlled-assesment
uira,124,culturadigital
uokesita,146,the-little-mongodb-book
VagrantStory,1.7k,Faker
verejava,4,VereORM-
vespakoen,426,menu
victor-vargas2009,8,FastAI_Experiments
vilmibm,456,prosaic
viralpandya,5,angular.js
vizanto,1.2k,nixpkgs
vlordier,173,colabs
Voidious,24,Diamond
voodootikigod,243,logo.js
vrnithinkumar,93,ETC
waibo,377,r
watcherdm,118,Deferred
wedtm,84,mcsl-bukkit-plugin
Wijnand,68,retcon-web
willywg,276,panoramio-rb
wilsonminer,1k,hyperterm-duotone-dark
wolfflow,780,react-livescript-jsx
wouterdebres,7,product-design-pschology
x2c3z4,209,kernel_visualization
xavi,130,miss-plete
xaviarias,703,solidity-gradle-plugin
xiaolan98,113,BDANN-IJCNN2020
Xyphex,30,docker-mara-framework
y-ke,25,VR
y0sher,713,ssv
yepitschunked,19,timezone_field
yikaraman,41,fil
yong,35,purple_ruby
yorzi,3.1k,react_on_rails
ypersyntelykos,519,GitSavvy
yuanwencong,36,coding-life
zhchang,5,pand
